{
  "method_name": "MLP",
  "best_fitness": 0.31746031746031744,
  "best_solution": {
    "W1": [
      [
        0.08991872222066842,
        0.28576557804452896,
        0.12228752497951163,
        -0.44871311709564193,
        0.29122367281959755,
        0.19007255280174157,
        -0.23525287233029785,
        0.20164816003469568,
        0.15213029494538471,
        0.13340961877900792,
        0.032249950438960485,
        0.1381727608754054,
        -0.2295557711074431,
        -0.0555907135293761,
        -0.08031885275103265,
        0.20501962046360728
      ],
      [
        0.041478997611805,
        -0.12474218039871716,
        -0.28515548543979025,
        -0.06055669962330028,
        0.01587506443405672,
        -0.15347078034298955,
        0.49368471614285003,
        0.3164255309745456,
        -0.9668347726740173,
        -0.6722499452147097,
        -0.09420743076011172,
        -0.07880244339421828,
        0.03633142743645554,
        0.0747475134622944,
        0.5982480456990035,
        -0.38610131123566976
      ],
      [
        -0.13108715796578788,
        0.6886997951286554,
        0.2234396383842707,
        0.21177713010759855,
        -0.1706342613232395,
        -0.5435504846664169,
        0.046038295737881804,
        0.039783439394316805,
        -0.3998478188895723,
        -0.21497660244738487,
        -0.014352099237266098,
        -0.3279042369460476,
        -0.02591317705193931,
        0.03162400357124309,
        0.02464075332255662,
        -0.16303680215489486
      ],
      [
        0.17499647769971263,
        0.3093755539374177,
        0.1182705092063221,
        -0.2708659825647125,
        0.2387780046265417,
        -0.1528305349994331,
        0.25512229273432435,
        -0.3554861164673475,
        0.3079968322266639,
        -0.006867095315547258,
        -0.42227169372705314,
        -0.1323291468952372,
        0.019571712390796293,
        0.09116190947313446,
        -0.31325516198834724,
        -0.3726506307863757
      ],
      [
        0.05327205350528881,
        -0.15148088010958627,
        0.08280928692197252,
        0.2545644210748971,
        -0.5505317637160388,
        0.07317019511102552,
        0.38529117065371676,
        -0.0981782971213219,
        -0.29107551685466587,
        0.24322949107916242,
        0.07670345186001597,
        0.2965162198648056,
        -0.11386735832347793,
        -0.49328097895750217,
        -0.02986403938547326,
        -0.15406411776651346
      ],
      [
        0.28402563534952957,
        0.04537995276035542,
        -0.5521853144549683,
        -0.3900999743279363,
        0.3049354759535028,
        0.17936581111367858,
        -0.18692986728528163,
        -0.011102206480757796,
        0.10445620526672651,
        0.1116587543082779,
        0.26636477774926026,
        0.1182403018402689,
        -0.0598459204794902,
        -0.0853751953674871,
        0.27654040741607655,
        -0.755677790172089
      ],
      [
        -0.019205051089289375,
        -0.002895327249137485,
        -0.4892503933732403,
        0.11913909187141153,
        -0.20953337948455816,
        0.2412567953995151,
        -0.005207190281707728,
        0.2114973110833993,
        0.3704489220644974,
        0.08650521041759732,
        -0.30249178711930136,
        -0.47296668486592613,
        0.5502812802479105,
        -0.036596673078949274,
        -0.2860510627048412,
        0.041870102156630146
      ],
      [
        -0.060365304040332086,
        0.2756473822018308,
        -0.0031124690517715277,
        0.0032491456823642386,
        -0.2361366583922617,
        0.1420688135658187,
        -0.35751327716930204,
        0.22090392188607189,
        0.48066310072631246,
        -0.5192245856692528,
        -0.8238426490695078,
        0.22984310205769093,
        0.845759166498568,
        -0.33333073856999973,
        -0.39508086009712806,
        0.19005155526732248
      ],
      [
        -0.306108866151468,
        -0.15128571807346303,
        -0.09473203403993788,
        0.17094461892504775,
        -0.14301436797207637,
        0.14216981670711804,
        -0.08313712752278804,
        -0.27074633828505235,
        -0.05828445965404086,
        -0.27385937468513777,
        0.012565678053935712,
        -0.41749821220787603,
        -0.33206597830562995,
        0.4850222671412522,
        0.018540946378487907,
        -0.008640881384554945
      ]
    ],
    "b1": [
      0.014673880976256236,
      0.00845224117889756,
      0.029706416688722894,
      0.0002479980155988869,
      -0.005393114270565167,
      0.005346534108858612,
      0.038527218609180014,
      -0.011960940576661727,
      0.03954589701280417,
      0.03722402569753529,
      0.005979180790863671,
      -0.018744597432004205,
      -0.01934632318184352,
      -0.0010524025890010693,
      -0.07385872316947426,
      0.010638467658874265
    ],
    "W2": [
      0.1760362308172038,
      -0.1680303815803473,
      -0.21324708008399507,
      0.09523663924222651,
      0.039008136464543944,
      -0.2530996663930151,
      0.2933367894224535,
      -0.007920547924887214,
      -0.3603748614181855,
      -0.2674514424236234,
      -0.1200721983141112,
      0.4145652117161861,
      -0.1009272518353858,
      -0.021325872446801643,
      -0.29378865766548357,
      -0.1457652228791478
    ],
    "b2": -0.03412969688467614
  },
  "history": [
    0.056338028169014086,
    0.056338028169014086,
    0.056338028169014086,
    0.056338028169014086,
    0.056338028169014086,
    0.056338028169014086,
    0.056338028169014086,
    0.056338028169014086,
    0.056338028169014086,
    0.056338028169014086,
    0.056338028169014086,
    0.056338028169014086,
    0.056338028169014086,
    0.056338028169014086,
    0.08333333333333334,
    0.08333333333333334,
    0.08333333333333334,
    0.08333333333333334,
    0.08333333333333334,
    0.08333333333333334,
    0.08333333333333334,
    0.08450704225352113,
    0.08450704225352113,
    0.08450704225352113,
    0.08450704225352113,
    0.08450704225352113,
    0.08450704225352113,
    0.08450704225352113,
    0.08450704225352113,
    0.08571428571428572,
    0.08571428571428572,
    0.08571428571428572,
    0.08571428571428572,
    0.08571428571428572,
    0.11267605633802817,
    0.11267605633802817,
    0.11267605633802817,
    0.11267605633802817,
    0.11267605633802817,
    0.11267605633802817,
    0.11267605633802817,
    0.11267605633802817,
    0.1142857142857143,
    0.1142857142857143,
    0.1142857142857143,
    0.11594202898550725,
    0.11594202898550725,
    0.11594202898550725,
    0.11594202898550725,
    0.11594202898550725,
    0.11594202898550725,
    0.11594202898550725,
    0.11594202898550725,
    0.14285714285714285,
    0.14285714285714285,
    0.14285714285714285,
    0.14285714285714285,
    0.16901408450704225,
    0.16901408450704225,
    0.19444444444444445,
    0.19444444444444445,
    0.19444444444444445,
    0.19444444444444445,
    0.2191780821917808,
    0.2191780821917808,
    0.2191780821917808,
    0.24324324324324323,
    0.24324324324324323,
    0.26666666666666666,
    0.26666666666666666,
    0.2631578947368421,
    0.2631578947368421,
    0.2631578947368421,
    0.2631578947368421,
    0.2631578947368421,
    0.2857142857142857,
    0.2857142857142857,
    0.2857142857142857,
    0.2857142857142857,
    0.2857142857142857,
    0.2857142857142857,
    0.27848101265822783,
    0.3,
    0.3,
    0.3,
    0.3,
    0.30379746835443044,
    0.30379746835443044,
    0.30379746835443044,
    0.32098765432098764,
    0.32098765432098764,
    0.32098765432098764,
    0.32098765432098764,
    0.32098765432098764,
    0.32098765432098764,
    0.34146341463414637,
    0.3614457831325301,
    0.3614457831325301,
    0.3614457831325301,
    0.3614457831325301
  ],
  "metrics": {
    "test_accuracy": 0.6814814814814815,
    "test_precision": 0.7142857142857143,