{
  "method_name": "MLP",
  "best_fitness": 0.48780487804878053,
  "best_solution": {
    "W1": [
      [
        0.7004663698018622,
        -0.8217537210379978,
        0.18376560541978787,
        -0.21232678012375997,
        -0.1849435683486312,
        -0.08187568706525175,
        -0.6820748119577944,
        -0.07780119425002692,
        -0.30048775378544695,
        1.1267754831023475,
        0.08276761897943666,
        -0.12107890091379135,
        -0.07960995076359648,
        -0.21830368606838552,
        -0.3255994565782378,
        -0.1230072872148701
      ],
      [
        0.12496657890418432,
        -0.13285697661821205,
        0.2488287438571877,
        -0.01963796948417116,
        0.06764186118972276,
        0.5394895416675578,
        0.2166964630548941,
        -0.16768244101872423,
        -0.0472600347919374,
        0.07017441147602398,
        0.6281976401403863,
        -0.0804192452130594,
        -0.1190910339160964,
        0.3292188184535454,
        -0.34361789028073214,
        -0.1201476784006946
      ],
      [
        0.28499704897269057,
        0.18891083265186234,
        0.03247390994784613,
        0.22107809160301944,
        -0.9375771485478076,
        0.3399001861611306,
        -0.3203715204978112,
        -0.5563267736556509,
        0.09261326500826933,
        0.24090353759326869,
        -0.1485468503291722,
        -0.35806748773869057,
        0.01509173174104218,
        -0.018032823069282392,
        0.461314981276753,
        0.2511228207016765
      ],
      [
        0.07382496621291859,
        0.3790255442772558,
        -0.03082913793276846,
        -0.3099095490172611,
        0.18123502533532573,
        0.18907187620594285,
        -0.08089964646235416,
        -0.26088228363790467,
        0.06659952823669295,
        -0.8418035491317453,
        0.23818074517628443,
        0.16276672421784316,
        -0.5423948231610853,
        0.021039289074333625,
        -0.33142717782235037,
        0.24977561922827224
      ],
      [
        -0.6788937574632348,
        -0.3068271204379142,
        0.24884218912383424,
        0.3875918998302943,
        -0.7156232382275628,
        -0.16839201170224682,
        0.11058131567974344,
        -0.2027961024856333,
        0.5283225617773157,
        -0.41774937377763727,
        0.12073161426330474,
        -0.3483807002321942,
        0.46436974825784516,
        -0.007930107233316292,
        -0.1353606502305642,
        -0.5755524421028104
      ],
      [
        0.5391054388363676,
        0.22015599982713432,
        0.2186083300764845,
        0.40112891683980484,
        0.14642760110443898,
        -0.207250008279793,
        -0.26342507966729906,
        -0.2664842164692391,
        0.465188820263216,
        -0.5053538128586881,
        -0.2006922680004479,
        -0.10467952492320613,
        0.058542165944200884,
        0.18794440344924793,
        -0.4352788023968669,
        -0.581964987177181
      ],
      [
        -0.011098831841643383,
        0.3859437692860412,
        0.22950643931425008,
        0.08172882545674728,
        -0.0846307261206058,
        0.10185142672685038,
        -0.08244732073632191,
        0.2728072033115446,
        -0.25923178987520124,
        0.03132114211605028,
        -0.04088842011566603,
        0.1855889359777826,
        0.06300723064253058,
        0.8477405753594407,
        0.48993404171749466,
        0.4910226793067292
      ],
      [
        -0.6834033442668908,
        -0.10910077686281348,
        -0.19066111595115665,
        0.17515706675080084,
        -0.7588919591039671,
        0.38829102302167257,
        0.3624264891999997,
        -0.4339982994813691,
        -0.32763726063962595,
        -0.2880173292630095,
        0.012207898453513706,
        0.21392576366924695,
        0.6852709165759892,
        -0.0647916024938653,
        0.2510751658442792,
        0.049404369155215
      ],
      [
        0.5973042429682652,
        0.26104890790436763,
        0.468753298821707,
        -0.3663932698181862,
        -0.08310387947595713,
        -0.272892799473662,
        0.49865784147069775,
        0.21884161142345793,
        -0.10572893717035922,
        -0.12611280813813008,
        0.1664076576332672,
        -0.237926748705365,
        -0.3013846350311563,
        0.16179133133511522,
        0.8324303670222497,
        -0.07362888408401617
      ]
    ],
    "b1": [
      0.0120810925598136,
      -0.011053899488626154,
      -0.041330968390171446,
      0.014315506428021131,
      -0.002652479008461658,
      0.009216719519886861,
      0.011122715375260297,
      -8.57146145156631e-05,
      0.003561019975688773,
      0.0328502174287154,
      -0.010128201652899214,
      -0.0009406191668638521,
      -0.00993026124640845,
      -0.003464953962650011,
      0.024526667296971977,
      0.003459938911562775
    ],
    "W2": [
      -0.1678231571594201,
      -0.17146395724984048,
      -0.2651364341632528,
      0.2167270950369951,
      0.2159357780134005,
      0.14973296330267707,
      0.1875290895979496,
      -0.02392930079532104,
      0.10118515581618139,
      -0.4710850935138541,
      -0.009706028849428549,
      0.03964634708032371,
      -0.17293149797611646,
      0.06403956507851817,
      -0.285304678554206,
      -0.09896162293561808
    ],
    "b2": -0.017243809241323863
  },
  "history": [
    0.14925373134328357,
    0.14925373134328357,
    0.14925373134328357,
    0.14925373134328357,
    0.14705882352941174,
    0.14705882352941174,
    0.14705882352941174,
    0.14705882352941174,
    0.14705882352941174,
    0.14705882352941174,
    0.14705882352941174,
    0.14705882352941174,
    0.14705882352941174,
    0.14705882352941174,
    0.14705882352941174,
    0.14705882352941174,
    0.1739130434782609,
    0.1739130434782609,
    0.1739130434782609,
    0.1739130434782609,
    0.1739130434782609,
    0.1739130434782609,
    0.1739130434782609,
    0.1739130434782609,
    0.1739130434782609,
    0.1739130434782609,
    0.1739130434782609,
    0.1739130434782609,
    0.1739130434782609,
    0.1739130434782609,
    0.24999999999999997,
    0.24999999999999997,
    0.2465753424657534,
    0.2465753424657534,
    0.2465753424657534,
    0.2465753424657534,
    0.2465753424657534,
    0.2933333333333333,
    0.2933333333333333,
    0.2933333333333333,
    0.2933333333333333,
    0.2933333333333333,
    0.31578947368421056,
    0.31578947368421056,
    0.31578947368421056,
    0.31578947368421056,
    0.33766233766233766,
    0.33766233766233766,
    0.33766233766233766,
    0.33766233766233766,
    0.35897435897435903,
    0.4,
    0.419753086419753,
    0.419753086419753,
    0.419753086419753,
    0.43902439024390244,
    0.43373493975903615,
    0.4285714285714285,
    0.4235294117647059,
    0.44186046511627913,
    0.44186046511627913,
    0.44186046511627913,
    0.4597701149425288,
    0.4772727272727271,
    0.4772727272727271,
    0.4772727272727271,
    0.4943820224719101,
    0.4943820224719101,
    0.4943820224719101,
    0.5111111111111111,
    0.5274725274725275,
    0.5274725274725275,
    0.5434782608695653,
    0.5591397849462365,
    0.5591397849462365,
    0.5591397849462365,
    0.574468085106383,
    0.574468085106383,
    0.574468085106383,
    0.574468085106383,
    0.5894736842105264,
    0.5894736842105264,
    0.6041666666666667,
    0.6041666666666667,
    0.6041666666666667,
    0.6041666666666667,
    0.6185567010309277,
    0.6185567010309277,
    0.6185567010309277,
    0.6185567010309277,
    0.6185567010309277,
    0.6185567010309277,
    0.6185567010309277,
    0.6326530612244898,
    0.6326530612244898,
    0.6326530612244898,
    0.6326530612244898,
    0.6326530612244898,
    0.6326530612244898,
    0.6326530612244898
  ],
  "metrics": {
    "test_accuracy": 0.6888888888888889,
    "test_precision": 0.6060606060606061,
    "test_recall": 0.40816326530612246,
    "test_f1": 0.48780487804878053,